Беларусь|Витебск|+375 (29) 710-07-32|Эвакуатор ИП Кашпар Л.С.
Беларусь|Минск|+375 (44) 779-59-09|Эвакуатор Минск
Беларусь|Минск|+375 (29) 695-42-23|ИП Чверкалюк А А Эвакуатор 24 часа
Беларусь|Минская обл.|+375 (29) 391-39-39|Эвакуатор борисов
Беларусь|Минск|+375 (29) 176-06-60|Эвакуатор Минск
Беларусь|Минская обл.|+375 (29) 773-16-97|Эвакуатор 24 часа ИП Радюк
Беларусь|Гомель|+375 (29) 139-60-40|Эвакуатор в Гомеле
Казахстан|Астана|+7 (7172) 45-69-69|Эвакуаторы Астаны
Казахстан|Астана|+7 (701) 255-72-05|Эвакуатор
Казахстан|Астана|+7 (701) 947-77-50|Эвакуаторы Астаны
Казахстан|Астана|+7 (717) 245-69-69|Услуги эвакуатора Астана
Казахстан|Астана|+7 (7172) 78-08-27|Эвакуатор Астана
Казахстан|Астана|+7 (701) 998-00-88|Эвакуатор в Астане
Казахстан|Астана|+7 (701) 528-67-64|Эвакуатор Астана
Казахстан|Астана|+7 (701) 942-22-36|Эвакуатор Астана
Казахстан|Астана|+7 (701) 941-66-26|Эвакуатор КЗ
Казахстан|Астана|+7 (702) 304-91-50|Эвакуатор Астана
Казахстан|Астана|+7 (707) 848-26-64|Эвакуатор Астана
Казахстан|Астана|+7 (717) 245-69-69|Эвакуатор Астана
Казахстан|Астана|+7 (702) 123-68-68|Эвакуатор Астана круглосуточно Газель
Казахстан|Алматы|+7 (727) 317-02-73|Эвакуатор
Казахстан|Алматы|+7 (727) 320-25-20|Эвакуатор.Kz
Казахстан|Алматы|+7 (727) 385-30-29|Эвакуатор
Казахстан|Алматы|+7 (727) 327-21-57|Эвакуатор
Казахстан|Алматы|+7 (727) 317-92-68|Эвакуатор
Казахстан|Алматы|+7 (727) 232-67-10|Эвакуатор
Казахстан|Астана|+7 (701) 255-72-05|Эвакуатор + СТО
Казахстан|Алматинская обл.|+7 (702) 416-81-05|Эвакуатор 8 702 416 81 05
Казахстан|Астана|+7 (701) 947-77-50|Эвакуатор Асана
Украина|Ровно|+380 (67) 774-73-73|Эвакуатор-ровно
Украина|Ровно|+380 (99) 229-09-23|Эвакуатор Ровно Украина
Украина|Ровно|+380 (50) 537-11-85|Эвакуатор
Украина|Донецк|+380 (50) 189-99-64|Эвакуатор Ангел
Украина|Донецк|+380 (95) 174-12-12|Авто-Эвакуатор Донецк
Украина|Донецкая обл.|+380 (99) 922-22-45|Эвакуатор
Украина|Донецк|+380 (50) 585-66-60|Эвакуатор Донецк
Украина|Донецк|+380 (50) 767-35-00|Эвакуатор
Украина|Донецк|+380 (99) 072-10-00|Авто-Эвакуатор Донецк
Украина|Донецк|+380 (95) 141-34-34|Апп-Эвакуатор-Донецк
Украина|Днепропетровск|+380 (67) 755-55-15|Эвакуатор
Украина|Днепропетровск|+380 (66) 710-01-64|Эвакуатор24
Украина|Днепропетровск|+380 (67) 633-76-75|Эвакуатор Днепр
Украина|Днепропетровск|+380 (63) 797-27-97|Эвакуатор Днепропетровск
Украина|Днепропетровск|+380 (50) 340-27-76|Эвакуатор
Украина|Харьков|+380 (97) 020-15-25|Эвакуатор Харьков
Украина|Харьков|+380 (93) 779-28-75|Эвакуатор 24 7
Украина|Харьков|+380 (66) 618-66-66|Эвакуатор Спасатель
Украина|Харьков|+380 (93) 315-77-77|Служба Эвакуатор Харьков
Украина|Харьков|+380 (99) 100-67-65|Эвакуатор AvtoSos Харьков
Украина|Харьков|+380 (95) 607-94-40|Эвакуатор Рулевой
Украина|Харьков|+380 (50) 843-19-91|Эвакуатор Автосос Харьков
Украина|Харьков|+380 (97) 972-00-00|Эвакуатор24/7
Украина|Запорожье|+380 (67) 704-91-62|Эвакуатор в Запорожье
Украина|Запорожье|+380 (50) 011-99-90|Эвакуатор Запорожье
Украина|Запорожье|+380 (50) 714-94-74|Эвакуатор
Украина|Запорожская обл.|+380 (98) 315-55-50|Эвакуатор Мелитополь
Украина|Запорожская обл.|+380 (67) 741-15-70|Эвакуатор Мелитополь
Украина|Запорожье|+380 (50) 456-53-01|Эвакуатор-Запорожье
Украина|Запорожье|+380 (66) 771-78-70|Эвакуатор Запорожье
Украина|Чернигов|+380 (462) 93-07-77|Эконом эвакуатор
Украина|Тернополь|+380 (67) 332-10-06|Эвакуатор
Украина|Тернополь|+380 (97) 458-40-40|Эвакуатор
Украина|Тернополь|+380 (97) 933-33-83|Эвакуатор Тернополь
Украина|Тернополь|+380 (67) 999-13-86|Эвакуатор Тернополь
Украина|Тернополь|+380 (67) 350-23-31|Эвакуатор Роман
Украина|Тернополь|+380 (98) 324-00-08|Эвакуатор
Украина|Черновцы|+380 (50) 338-33-56|Эвакуатор Черновцы Украина
Украина|Севастополь г.|+380 (50) 610-68-46|Эвакуатор
Украина|Крым|+380 (50) 938-57-59|СТО, эвакуатор
Украина|Крым|+380 (66) 036-72-29|Эвакуатор Симферополь
Украина|Крым|+380 (99) 293-75-35|Эвакуатор
Украина|Крым|+380 (99) 060-22-35|Эвакуатор 24
Украина|Крым|+380 (50) 324-28-42|Эвакуатор
Украина|Севастополь г.|+380 (50) 591-27-95|Эвакуатор
Украина|Севастополь|+380 (50) 579-22-02|Эвакуатор-манипулятор
Украина|Крым|+380 (98) 774-10-07|Эвакуатор Симферополь
Украина|Львов|+380 (97) 296-80-99|Компания Эвакуатор Львов
Украина|Львов|+380 (96) 648-80-00|Эвакуатор Львов
Украина|Львов|+380 (67) 342-36-97|Эвакуатор
Украина|Львов|+380 (97) 444-49-39|Эвакуатор Львов
Украина|Николаев|+380 (96) 558-40-55|Эвакуатор в Николаеве
Украина|Львов|+380 (97) 588-99-42|Эвакуатор Львов
Украина|Житомир|+380 (95) 286-47-01|Вызов эвакуатора
Украина|Житомир|+380 (93) 058-50-58|Эвакуатор